{"cameraMode":{"drawMode":0,"name":"Shaded","section":"Shading Mode"},"sceneLighting":true,"audioPlay":false,"sceneViewState":{"showFog":false,"showMaterialUpdate":false,"showSkybox":false,"showFlares":false,"showImageEffects":false,"showParticleSystems":false},"in2DMode":false,"pivot":{"x":188.8711395263672,"y":9.26569652557373,"z":99.67027282714844},"rotation":{"x":0.1816079467535019,"y":0.22777947783470155,"z":-0.04330810531973839,"w":0.9556587934494019},"size":6.888321399688721,"orthographic":false}