{"cameraMode":{"drawMode":0,"name":"Shaded","section":"Shading Mode"},"sceneLighting":true,"audioPlay":false,"sceneViewState":{"showFog":false,"showMaterialUpdate":false,"showSkybox":false,"showFlares":false,"showImageEffects":false,"showParticleSystems":false},"in2DMode":false,"pivot":{"x":190.21160888671876,"y":8.871522903442383,"z":100.00887298583985},"rotation":{"x":0.16237051784992219,"y":-0.44124048948287966,"z":0.08151891827583313,"w":0.8788130879402161},"size":5.826933860778809,"orthographic":false}