{"cameraMode":{"drawMode":0,"name":"Shaded","section":"Shading Mode"},"sceneLighting":true,"audioPlay":false,"sceneViewState":{"showFog":false,"showMaterialUpdate":false,"showSkybox":false,"showFlares":false,"showImageEffects":false,"showParticleSystems":false},"in2DMode":false,"pivot":{"x":4.349971294403076,"y":17.805648803710939,"z":26.05477523803711},"rotation":{"x":0.052905842661857608,"y":-0.8990069627761841,"z":0.1133301854133606,"w":0.41972237825393679},"size":57.70846176147461,"orthographic":true}