{"cameraMode":{"drawMode":0,"name":"Shaded","section":"Shading Mode"},"sceneLighting":true,"audioPlay":false,"sceneViewState":{"showFog":false,"showMaterialUpdate":false,"showSkybox":false,"showFlares":false,"showImageEffects":false,"showParticleSystems":false},"in2DMode":false,"pivot":{"x":187.42845153808595,"y":10.525533676147461,"z":99.02560424804688},"rotation":{"x":0.029931457713246347,"y":0.6472995281219482,"z":-0.025452733039855958,"w":0.761233925819397},"size":5.572754383087158,"orthographic":false}